,0
5075,drama
32149,comedy
7154,western
4259,drama
7548,comedy
16555,horror
15630,drama
13353,drama
30711,action
17780,comedy
17867,action
30674,action
12486,drama
28587,drama
11960,drama
18718,drama
24070,romance
20495,comedy
20274,drama
7996,thriller
27520,drama
20160,horror
17028,drama
13095,thriller
28126,drama
5600,comedy
33547,horror
25995,action
16457,drama
19504,comedy
14166,horror
22596,drama
4068,comedy
3505,western
18581,comedy
13339,comedy
5727,comedy
30820,drama
11252,western
28113,comedy
14785,action
14628,comedy
14459,comedy
23705,drama
26820,comedy
34825,drama
16442,horror
25938,drama
18036,drama
20688,action
26944,drama
14315,horror
10794,comedy
4519,drama
14762,comedy
10566,thriller
3831,comedy
8344,horror
17872,drama
10504,comedy
4025,drama
3109,comedy
14585,comedy
24079,romance
8315,western
20857,drama
14882,drama
6021,adventure
3321,drama
25097,drama
10515,comedy
20069,drama
30648,romance
23918,drama
8137,western
14289,drama
6256,drama
5547,western
23860,drama
32207,drama
26759,action
22173,comedy
20026,drama
32594,romance
30699,comedy
26109,comedy
3055,drama
32881,drama
9879,drama
25935,thriller
5280,romance
22155,comedy
24119,drama
14702,drama
12928,comedy
33253,drama
13602,drama
9170,drama
14816,comedy
10898,horror
31772,romance
3464,comedy
10881,action
26160,comedy
5532,comedy
10897,comedy
33589,drama
24828,comedy
23167,drama
26248,action
4832,crime
4653,drama
11204,comedy
10957,comedy
25096,comedy
11054,comedy
3937,comedy
8310,drama
8425,drama
12136,comedy
13831,crime
26048,drama
8970,action
13310,drama
11223,horror
10469,comedy
15165,horror
16247,action
15872,horror
15870,comedy
13338,drama
12169,horror
15079,horror
31926,drama
16726,horror
11637,drama
3466,western
7194,western
13680,romance
9290,comedy
10522,comedy
15883,comedy
20806,drama
30862,action
34850,comedy
22323,drama
22945,drama
10801,action
19115,drama
16900,drama
10070,drama
8109,drama
25139,comedy
25114,horror
4232,comedy
3992,drama
5667,comedy
8744,horror
12686,action
4634,comedy
20807,horror
10825,crime
21064,western
6929,western
4986,western
28715,romance
19503,drama
12333,romance
30665,drama
5535,comedy
9915,comedy
10087,horror
17009,horror
32467,action
34139,comedy
22343,drama
18960,thriller
17908,drama
11895,horror
12696,drama
11348,comedy
19286,drama
13648,comedy
4237,comedy
8979,drama
9435,comedy
4839,western
10407,action
9820,action
13136,action
21903,drama
19537,drama
27082,drama
16173,thriller
20308,drama
30631,romance
19968,comedy
24823,drama
25073,drama
22301,drama
21859,crime
4992,comedy
3206,drama
13255,western
16420,comedy
20223,horror
9214,horror
32211,comedy
8484,comedy
25696,drama
28082,drama
3184,comedy
22576,drama
8025,western
12139,action
16167,comedy
32874,drama
15468,thriller
27305,drama
18580,drama
11816,drama
19525,thriller
15111,horror
28446,drama
34852,drama
5995,western
11768,horror
32286,romance
16354,thriller
7016,comedy
19649,drama
18618,comedy
3955,drama
11641,comedy
7746,comedy
19634,thriller
5748,action
30625,comedy
6649,western
34175,drama
19595,comedy
9228,horror
32136,drama
19941,drama
17503,thriller
12250,drama
6487,comedy
25079,romance
26829,action
9919,horror
13462,drama
9393,comedy
10295,drama
13866,drama
11170,horror
14123,horror
22325,drama
15737,horror
32188,action
17936,thriller
6943,drama
28101,drama
25090,romance
6763,crime
15011,comedy
34502,drama
32723,adventure
8911,horror
22405,drama
13939,comedy
12962,comedy
8597,horror
24761,romance
11478,drama
21777,action
13202,comedy
9696,horror
3352,comedy
32105,drama
7308,drama
7613,comedy
18786,drama
20701,drama
34863,drama
13820,comedy
8205,comedy
9535,romance
19000,comedy
19589,drama
23767,drama
15249,comedy
6064,western
5837,action
4727,drama
32784,action
26442,thriller
28289,comedy
11274,action
6594,comedy
14884,comedy
8952,drama
20084,drama
10846,drama
3235,comedy
17295,comedy
7533,drama
10177,drama
5592,adventure
11728,action
4336,romance
8811,comedy
13005,drama
10953,comedy
11945,drama
20322,action
20092,drama
14692,comedy
10595,comedy
7752,drama
13221,horror
31693,drama
8904,horror
24790,drama
21832,drama
11910,drama
14499,drama
22208,comedy
14643,drama
4244,comedy
6937,drama
3075,comedy
32501,drama
19179,action
20825,drama
7306,western
16202,comedy
19026,comedy
11315,drama
13266,crime
3273,comedy
19197,adventure
6662,comedy
33315,drama
23640,adventure
19144,drama
12680,action
14770,western
10351,action
25554,drama
10045,horror
11769,horror
7818,comedy
16699,comedy
21045,comedy
12946,thriller
19549,comedy
11099,comedy
6117,comedy
4748,western
32718,action
12758,drama
20633,drama
10602,comedy
30615,romance
13673,comedy
5313,horror
33516,drama
19047,crime
19767,horror
9255,thriller
3371,drama
12033,drama
12186,crime
10869,comedy
25960,horror
9839,drama
3551,thriller
12331,western
12774,horror
13082,comedy
28212,adventure
10140,comedy
33505,comedy
11801,drama
14412,horror
15950,western
4853,drama
13386,drama
6377,horror
16043,drama
14993,drama
17520,western
15623,comedy
18989,drama
30725,drama
12846,drama
10074,comedy
12817,western
9312,action
32326,drama
19898,drama
5293,western
26850,action
19679,drama
32813,drama
10537,drama
24048,drama
16966,action
20293,comedy
6932,thriller
5554,drama
18782,drama
24086,drama
20608,drama
15722,comedy
13772,comedy
19366,comedy
28406,drama
31549,drama
15415,action
12679,drama
7658,drama
19617,comedy
13364,action
27449,thriller
28734,drama
19236,thriller
24064,drama
6111,drama
28293,romance
6801,comedy
16520,comedy
9184,comedy
28586,drama
14587,drama
8601,comedy
11299,horror
21944,drama
3649,drama
34180,drama
9989,comedy
24882,drama
28056,comedy
12285,drama
33421,horror
11344,drama
26971,comedy
12442,drama
23131,action
13920,drama
6206,comedy
27405,romance
14131,comedy
10158,thriller
24067,thriller
22083,comedy
5726,drama
30880,drama
13017,horror
7438,drama
4949,drama
3680,adventure
23190,action
21864,drama
19805,drama
24531,drama
19678,drama
24756,drama
24757,drama
7025,western
26982,drama
19104,comedy
24930,drama
8489,drama
9892,drama
17288,drama
11896,romance
24096,drama
16066,drama
16492,drama
10039,drama
7296,drama
26015,comedy
7615,drama
10081,drama
24864,drama
18813,drama
16848,thriller
22834,drama
11842,thriller
9178,drama
15461,horror
23346,comedy
13889,comedy
5077,drama
7161,comedy
22348,horror
22401,thriller
9416,comedy
20029,drama
14792,action
11414,drama
15443,drama
21086,drama
30761,action
26774,romance
3827,drama
16261,comedy
5041,comedy
10913,comedy
7052,adventure
12970,comedy
15522,drama
19827,drama
11995,comedy
17825,drama
32898,thriller
9638,horror
22069,comedy
30677,romance
5039,comedy
7520,western
3408,drama
30762,action
8812,comedy
7963,drama
8593,drama
6513,drama
6385,western
10456,comedy
10929,comedy
13432,comedy
22102,action
12282,horror
6568,drama
24770,action
11311,horror
24849,drama
22600,romance
21831,comedy
11922,action
4767,comedy
3115,drama
15208,comedy
25433,horror
15631,horror
8568,drama
9192,western
16433,drama
20358,comedy
6393,drama
19669,comedy
11310,horror
19437,thriller
9181,drama
13205,action
9506,horror
20775,horror
31215,action
10964,comedy
12306,horror
8346,thriller
14657,drama
28256,drama
4421,comedy
18006,romance
21981,comedy
12733,drama
9613,drama
10703,comedy
13715,drama
21065,drama
17384,comedy
11272,action
7345,drama
5551,drama
27365,drama
25002,drama
33173,drama
22539,drama
31759,drama
25777,drama
3236,comedy
5018,action
8402,comedy
10472,comedy
5216,western
8973,thriller
9195,comedy
12708,horror
16746,comedy
23965,romance
4459,comedy
34865,drama
22473,drama
18636,drama
17231,comedy
14095,comedy
15113,horror
4290,drama
11145,western
12881,horror
8972,western
14747,horror
6683,drama
3600,drama
22588,drama
11413,comedy
21745,thriller
32310,drama
20453,drama
26417,thriller
22731,drama
10842,comedy
19049,drama
3570,comedy
19276,drama
9817,drama
13690,comedy
21031,drama
12193,western
5360,drama
15002,comedy
14016,horror
15060,horror
28701,drama
22180,horror
19919,horror
16631,drama
19014,comedy
8671,comedy
20213,drama
11388,action
8622,drama
33722,crime
20193,horror
19966,comedy
10886,comedy
8563,comedy
32219,action
3590,western
11309,comedy
16163,drama
14608,horror
8618,drama
19538,comedy
18877,thriller
18949,comedy
9425,comedy
12957,comedy
5653,comedy
18942,drama
18802,horror
20610,comedy
13948,drama
5113,drama
11457,action
16465,horror
5100,western
18038,drama
8070,horror
9196,comedy
23658,drama
16960,action
18844,crime
21741,horror
10510,comedy
12644,horror
10551,action
5997,adventure
17117,action
17387,comedy
5800,horror
23364,crime
21514,drama
32102,romance
32456,action
28556,comedy
32104,romance
8013,western
12651,horror
18983,comedy
18602,comedy
20814,drama
13381,horror
11980,action
9738,horror
28672,drama
25638,drama
24825,drama
18920,action
28104,drama
9913,horror
32600,drama
19770,horror
10513,horror
6564,comedy
12372,comedy
5993,comedy
10401,drama
10079,drama
9698,thriller
10569,comedy
6163,drama
32287,thriller
14659,comedy
18869,drama
19424,comedy
28167,thriller
25686,thriller
17341,drama
9569,comedy
11899,comedy
12497,comedy
22498,drama
16511,drama
18624,comedy
24860,drama
9268,drama
15606,thriller
20393,western
18892,comedy
12719,comedy
13983,comedy
13447,comedy
7347,western
11461,comedy
13501,drama
16519,drama
14458,drama
11399,horror
24062,romance
32673,romance
24872,drama
33629,thriller
22978,action
14522,drama
34130,drama
30643,drama
22335,drama
3925,comedy
33021,drama
23760,romance
5850,comedy
30746,drama
12700,comedy
3576,comedy
30790,romance
5288,western
20464,drama
18694,comedy
20147,horror
10502,horror
30689,romance
10118,comedy
19449,drama
17659,drama
16170,comedy
14744,comedy
4036,comedy
25221,drama
12788,comedy
9765,drama
8585,crime
19245,drama
15297,comedy
16179,comedy
32620,romance
6540,comedy
8155,drama
30870,romance
11106,comedy
14416,drama
30836,action
8212,drama
32396,romance
9204,thriller
13400,thriller
16605,drama
3561,drama
10259,drama
15843,comedy
6742,comedy
31186,romance
12090,drama
19333,thriller
19585,horror
12512,comedy
5587,adventure
28534,drama
8977,comedy
9280,action
3904,horror
14636,horror
12536,drama
11518,action
14848,horror
15180,drama
31402,thriller
22188,comedy
10904,drama
3247,drama
12586,horror
17753,drama
8919,drama
5331,comedy
19281,comedy
22878,action
11425,crime
12147,comedy
3577,drama
15313,thriller
9833,horror
6997,comedy
17775,horror
26280,romance
4510,western
27453,romance
22045,drama
12873,thriller
21769,adventure
3364,comedy
8345,comedy
7840,thriller
28384,drama
22382,horror
33594,drama
20553,drama
15741,comedy
33731,comedy
24158,drama
15306,drama
25677,drama
25900,action
19112,drama
20704,drama
12865,horror
15956,comedy
6062,drama
18825,comedy
14026,drama
7666,drama
28240,thriller
24835,drama
31240,action
31221,drama
6872,comedy
23703,comedy
10062,comedy
19717,adventure
7093,drama
6620,comedy
26655,action
23793,drama
12936,horror
15189,horror
26066,drama
19653,drama
6691,western
13096,comedy
27444,drama
16592,drama
12748,comedy
16427,comedy
24866,action
3572,romance
15802,comedy
32804,drama
10015,horror
12454,drama
24039,drama
15319,drama
4288,comedy
10752,drama
8829,horror
12128,comedy
23912,drama
8672,western
17839,drama
4941,thriller
13007,drama
26662,comedy
17943,horror
19893,comedy
5405,comedy
26991,thriller
6153,drama
14683,drama
15223,drama
10984,drama
21059,drama
5125,drama
3903,western
9550,comedy
12078,thriller
31642,romance
26955,drama
27558,drama
28181,drama
3982,drama
19793,romance
7635,drama
4487,drama
11872,thriller
16260,comedy
13973,drama
4470,thriller
25746,action
7122,drama
15169,horror
8080,western
21860,comedy
9147,drama
16177,thriller
19682,adventure
8436,drama
32384,romance
13318,comedy
20963,comedy
11836,adventure
17253,drama
11904,drama
11740,comedy
3526,comedy
24781,drama
8143,drama
28535,comedy
14400,drama
16942,action
17968,romance
10589,drama
11053,action
12326,thriller
13641,drama
13821,action
10666,comedy
30793,action
27321,romance
16934,horror
20580,comedy
19674,drama
19877,drama
25904,drama
24012,drama
13059,comedy
7805,comedy
8037,drama
7549,drama
10124,comedy
11276,comedy
34510,horror
26112,drama
22580,drama
34173,horror
20536,drama
8250,drama
17826,horror
4231,drama
23929,drama
7035,action
32740,action
32700,romance
3294,horror
20476,drama
32628,drama
18867,drama
16404,drama
5108,horror
14283,drama
10192,drama
8893,drama
11791,drama
22417,horror
17700,drama
15523,comedy
12863,comedy
14875,drama
6093,western
6085,western
7798,drama
8139,western
12308,comedy
19444,drama
6993,horror
6154,drama
7023,drama
4944,comedy
30619,thriller
16564,comedy
14954,horror
32372,comedy
13795,comedy
12738,comedy
4026,comedy
21979,drama
4530,drama
9783,horror
15018,horror
9523,adventure
19849,drama
5245,drama
25062,action
11932,drama
13675,comedy
11456,action
34822,comedy
8822,drama
4746,drama
13512,action
3978,comedy
12769,drama
14572,horror
12030,comedy
19326,thriller
21079,drama
12358,drama
5604,drama
32333,drama
19830,drama
16518,thriller
7254,western
7128,comedy
20648,comedy
9291,adventure
9401,crime
33290,drama
26028,drama
8752,drama
16637,horror
9925,horror
5911,drama
32892,drama
12689,comedy
34312,drama
6525,western
4546,comedy
14591,drama
6920,drama
23741,action
21712,crime
10152,comedy
10650,horror
7429,comedy
7475,comedy
4264,comedy
32493,romance
5032,drama
26787,comedy
13857,thriller
9462,drama
17949,western
11785,action
3809,drama
22050,comedy
25835,drama
14087,drama
16199,thriller
11928,drama
5498,western
32118,action
3307,comedy
18992,comedy
10918,horror
17610,drama
28593,romance
24019,comedy
15302,thriller
20656,drama
34829,comedy
12791,comedy
14684,comedy
10970,horror
11902,thriller
11817,drama
6508,crime
5828,drama
17984,drama
10100,horror
9165,drama
19695,comedy
19663,comedy
6752,comedy
28339,drama
5873,drama
19720,drama
9209,horror
17972,drama
11256,drama
6031,western
12010,drama
12704,drama
19213,crime
19358,drama
20810,horror
17377,adventure
21915,drama
7741,comedy
20080,drama
13943,comedy
34818,drama
32187,action
6963,western
19436,comedy
8462,drama
5080,western
5743,comedy
13951,comedy
7365,drama
28456,comedy
19588,drama
17697,drama
25516,romance
26012,drama
3498,western
23246,drama
6541,comedy
32159,romance
19911,comedy
13558,drama
11481,action
24529,romance
8660,comedy
10840,drama
27016,horror
13120,horror
22475,drama
17306,comedy
8111,adventure
14432,drama
18910,drama
3324,comedy
17875,comedy
25235,drama
25089,comedy
16248,drama
15565,comedy
11353,drama
13215,drama
9278,thriller
24776,romance
4296,comedy
15833,action
25913,comedy
26367,drama
9797,drama
7878,drama
18946,thriller
4737,thriller
4418,western
21819,drama
16985,action
3384,horror
5905,western
20489,drama
11645,drama
4597,comedy
16792,comedy
13712,drama
21012,drama
5974,horror
4249,crime
12768,drama
18703,romance
13157,horror
10454,comedy
31263,drama
19135,crime
6456,comedy
13524,comedy
32566,romance
32614,action
26671,romance
9219,comedy
22295,action
10016,drama
7914,thriller
18026,action
5878,western
24085,romance
17725,crime
13158,comedy
19514,drama
4020,drama
9140,comedy
20691,comedy
10475,drama
5887,drama
28445,drama
33735,horror
17584,crime
26719,drama
31420,drama
20194,horror
15171,drama
22119,comedy
30743,comedy
3667,horror
14921,comedy
34152,drama
28482,drama
2995,drama
11035,horror
11328,comedy
33310,action
24850,romance
6825,comedy
15219,drama
12590,comedy
4331,horror
18895,drama
11100,comedy
11830,comedy
21966,comedy
17811,drama
7428,comedy
17001,comedy
25217,comedy
4643,crime
13022,drama
24009,drama
26924,action
32699,romance
4875,comedy
7578,action
22098,comedy
11471,drama
13151,drama
10207,drama
3854,comedy
6214,western
8925,adventure
9283,comedy
19310,comedy
16031,comedy
26879,thriller
15662,comedy
34186,drama
10829,comedy
20921,drama
28081,drama
11496,horror
12611,comedy
4568,drama
28343,drama
6520,western
5084,western
9381,horror
22223,horror
17885,drama
27400,romance
10961,drama
14582,comedy
8964,comedy
8674,comedy
4040,western
8710,drama
14598,comedy
28100,comedy
32473,romance
12052,drama
28736,comedy
20103,drama
20625,thriller
22603,crime
17963,action
28708,romance
5898,adventure
15624,action
13274,comedy
11781,drama
17993,drama
13475,drama
5480,western
12077,action
32173,horror
24959,action
6128,adventure
16767,drama
9705,horror
7550,comedy
8613,drama
20303,crime
3829,comedy
26632,drama
20780,comedy
7311,adventure
18959,drama
7197,comedy
7671,comedy
14555,comedy
20130,drama
19228,romance
28678,drama
21046,comedy
31331,drama
18965,romance
6347,western
13112,adventure
26058,drama
9456,drama
4736,comedy
31553,comedy
30612,romance
11714,action
19106,thriller
30782,romance
9946,comedy
5684,western
19215,crime
22450,drama
8131,thriller
11437,horror
19455,drama
4846,comedy
28096,romance
13597,western
32535,action
24998,drama
33705,action
6985,western
11180,comedy
24780,adventure
20179,drama
9148,drama
11705,drama
7945,comedy
16894,western
5934,drama
32393,thriller
16867,thriller
31582,drama
5552,drama
9789,comedy
31118,drama
12682,comedy
8332,drama
15457,comedy
13486,crime
22513,action
20012,drama
12041,drama
13211,comedy
19994,drama
4889,comedy
26950,action
6415,drama
7772,horror
12718,comedy
26899,drama
15832,drama
26687,comedy
6018,western
20309,crime
31393,comedy
4966,western
17539,drama
9376,drama
22935,comedy
12988,comedy
15112,horror
31636,drama
6365,western
28156,drama
11664,romance
19492,comedy
30881,romance
32094,romance
20609,comedy
20480,drama
12674,comedy
4707,western
7115,western
6287,drama
3697,drama
20804,horror
18596,comedy
8751,horror
5610,drama
16995,comedy
12340,western
19363,comedy
3019,drama
6913,adventure
12969,comedy
4226,western
22784,comedy
28821,drama
20019,drama
32724,comedy
22550,drama
24031,thriller
21770,comedy
21841,horror
24878,drama
22453,drama
28251,drama
32203,romance
15525,horror
14837,comedy
16127,drama
23998,drama
26656,comedy
19552,drama
22236,comedy
3894,adventure
30748,drama
13225,drama
13216,comedy
20845,thriller
32489,horror
3035,action
20839,drama
5420,romance
17490,action
19113,drama
6797,drama
5469,drama
3076,drama
5050,drama
31615,comedy
6760,drama
22391,drama
7790,drama
31577,drama
8598,western
24759,drama
3601,comedy
8850,thriller
7556,drama
17045,drama
32205,action
26664,drama
8798,crime
20563,drama
31164,romance
6229,thriller
12646,drama
30789,drama
6885,western
13366,comedy
4984,western
5462,drama
9922,comedy
7731,horror
6123,western
17975,drama
23228,action
3200,drama
16366,thriller
20706,drama
31632,romance
17882,comedy
7528,romance
10750,comedy
3805,drama
32836,comedy
12351,comedy
10494,comedy
9309,crime
9605,drama
32403,drama
4058,drama
4801,western
20859,drama
10009,drama
7434,comedy
9222,drama
19200,comedy
28599,action
26799,comedy
18749,comedy
7663,drama
4085,crime
18903,crime
13565,thriller
6886,comedy
10228,comedy
16731,horror
25586,action
20203,thriller
7618,thriller
21922,drama
9395,drama
23933,drama
8577,drama
4894,drama
4627,western
25237,drama
12402,action
17681,drama
32380,romance
12433,drama
30724,action
15712,thriller
32120,comedy
15071,drama
5589,western
25337,drama
6173,western
30617,action
3418,comedy
28595,action
12498,horror
8571,drama
3222,drama
20097,drama
28273,thriller
15424,action
23245,drama
17473,horror
3462,drama
14025,comedy
3918,romance
20556,western
27368,romance
19357,thriller
14468,comedy
13218,drama
7797,drama
22181,comedy
18632,drama
9749,drama
6595,drama
9590,horror
10876,comedy
27010,comedy
15563,drama
4484,crime
13660,comedy
12472,romance
19780,comedy
31781,drama
6277,adventure
25072,drama
24877,thriller
32708,romance
23317,comedy
9208,thriller
10806,action
31556,drama
28843,romance
19391,thriller
17998,romance
23975,drama
15711,drama
23664,action
19334,comedy
16317,drama
5157,crime
19645,drama
18713,drama
12397,thriller
27490,action
32321,drama
22903,drama
23402,comedy
10576,action
8817,drama
25076,drama
10763,action
14028,action
2994,western
5490,western
25979,drama
4242,drama
7238,drama
20748,adventure
12019,action
13640,horror
12192,drama
9617,comedy
15388,comedy
9808,horror
13603,action
20542,comedy
20391,drama
20697,horror
32113,action
14903,drama
23890,drama
9924,comedy
8996,action
15649,horror
24091,action
4672,drama
6581,drama
19461,comedy
12392,comedy
3650,horror
6782,western
17942,drama
32201,comedy
21865,drama
17656,drama
6737,drama
12452,horror
25662,action
19037,drama
4780,western
26272,horror
17615,drama
19110,comedy
15895,drama
6454,comedy
12640,comedy
20062,horror
10885,horror
11699,comedy
22247,drama
23243,crime
23888,drama
12127,comedy
27402,romance
19723,comedy
7463,drama
17765,drama
16369,romance
22955,drama
23273,comedy
13762,drama
19420,comedy
20971,thriller
10013,drama
13654,thriller
13162,western
24885,drama
5721,comedy
30819,action
8317,drama
10460,comedy
19360,adventure
14270,comedy
16083,drama
10426,action
14512,comedy
34342,comedy
25658,drama
3344,drama
31158,drama
32638,romance
11239,comedy
12122,horror
3666,comedy
24793,comedy
22397,horror
5766,drama
4921,comedy
7396,thriller
14128,horror
13348,drama
31178,action
6601,western
10419,comedy
12386,comedy
13582,comedy
11375,drama
8589,drama
13590,drama
12478,comedy
5011,comedy
10059,drama
10209,action
5915,adventure
3230,horror
20479,comedy
13514,comedy
19423,thriller
32589,drama
31386,comedy
12468,comedy
3368,comedy
19439,crime
28805,drama
19579,thriller
16635,drama
30866,comedy
22445,drama
4273,romance
17955,drama
7220,drama
11678,comedy
10076,comedy
25953,adventure
17330,comedy
12461,comedy
12496,comedy
19607,horror
12404,drama
10384,adventure
4720,drama
17062,comedy
18856,comedy
13593,comedy
4891,drama
31052,romance
24115,horror
16730,comedy
13072,drama
5972,adventure
13981,comedy
18891,crime
5349,western
3106,comedy
7588,drama
9736,comedy
7712,horror
20349,comedy
9666,drama
33363,drama
6970,drama
19879,adventure
28716,drama
10632,horror
32110,romance
28709,drama
16711,comedy
25748,thriller
3645,comedy
16740,comedy
17883,comedy
6033,western
5875,western
26753,comedy
17951,drama
26811,romance
16963,comedy
13337,comedy
11294,horror
15505,comedy
25985,action
15229,horror
28073,drama
7547,adventure
10485,drama
7183,drama
33569,drama
4310,comedy
34824,drama
13219,comedy
11927,comedy
13433,thriller
4113,drama
8048,drama
22126,horror
24185,drama
19624,thriller
26123,comedy
11327,drama
14301,comedy
13374,drama
8429,western
30650,romance
16324,drama
17511,comedy
7360,horror
17767,drama
11598,drama
4088,comedy
6758,western
14178,comedy
17807,drama
18872,drama
28540,drama
32374,horror
33998,drama
13869,comedy
27093,romance
20577,drama
10339,crime
21748,drama
19125,drama
7621,drama
15486,horror
20508,horror
26426,comedy
6330,drama
19069,drama
20108,drama
11957,comedy
12592,drama
15675,comedy
7224,horror
19630,horror
12469,drama
32305,drama
12800,drama
21855,comedy
26995,horror
10862,horror
19955,comedy
10283,comedy
7412,adventure
21055,horror
33698,drama
23844,comedy
21039,horror
19176,comedy
7271,western
28114,action
6524,western
8685,drama
26822,romance
3196,crime
19521,crime
28150,comedy
3207,western
21069,thriller
30855,romance
19109,crime
20076,drama
17027,horror
27447,action
26697,drama
3069,comedy
32408,romance
4356,comedy
11380,action
28353,romance
21088,drama
24306,drama
17844,horror
6879,western
28481,action
3907,comedy
22937,romance
18940,romance
11168,drama
13257,crime
32221,drama
20467,thriller
17429,comedy
4437,crime
15194,drama
27370,comedy
4451,thriller
15198,drama
3164,drama
25131,horror
8193,drama
14503,drama
23869,drama
21409,horror
23570,drama
4655,drama
21797,drama
12063,comedy
20169,comedy
15888,action
6670,drama
7353,crime
9265,drama
14638,drama
6638,comedy
20449,action
28414,drama
11171,drama
20634,drama
32390,action
10390,adventure
14715,drama
4835,comedy
8217,drama
25814,drama
12903,comedy
22161,action
3754,comedy
11588,action
11720,comedy
20965,comedy
17912,horror
13437,drama
8383,comedy
11859,comedy
13955,comedy
24036,drama
13260,drama
12490,horror
24763,adventure
14212,action
21935,thriller
4182,drama
12851,comedy
11387,action
17937,horror
19101,thriller
15496,horror
17940,drama
9473,drama
26791,drama
23883,romance
4241,drama
16803,action
10230,action
23621,drama
10741,comedy
5305,action
4729,drama
11695,action
10097,drama
25978,comedy
32212,action
11027,horror
10280,adventure
19567,drama
14745,thriller
32570,action
20436,drama
19640,drama
25982,comedy
6070,crime
14492,comedy
33678,horror
25894,action
5885,thriller
11267,action
5688,drama
10111,comedy
9368,comedy
15003,action
14140,comedy
5247,drama
3051,drama
16941,comedy
3058,comedy
15323,drama
19428,drama
6548,comedy
12237,comedy
10625,horror
11573,drama
6799,adventure
5563,western
8144,western
25402,drama
20346,comedy
3212,comedy
27469,comedy
4659,western
12572,horror
3687,drama
9854,comedy
28597,drama
26016,romance
16230,drama
32284,drama
17835,drama
9352,comedy
20956,comedy
12940,drama
28281,drama
24023,drama
10373,action
6624,drama
11434,horror
8330,drama
15470,comedy
19833,drama
3788,comedy
4159,drama
9599,drama
3558,comedy
22483,comedy
11056,comedy
8747,drama
20678,drama
12286,thriller
9874,comedy
4703,adventure
25141,comedy
20124,thriller
8693,comedy
6084,action
15900,action
12324,drama
16929,comedy
28590,horror
18014,drama
12382,comedy
22492,drama
32072,romance
16284,comedy
5706,comedy
16289,thriller
22541,drama
11732,comedy
3168,western
32780,drama
5298,drama
6926,crime
32532,romance
10993,thriller
7454,comedy
20055,drama
9371,horror
11596,comedy
28065,action
8135,drama
14789,comedy
12491,drama
7288,comedy
10418,western
20394,drama
15234,horror
26954,drama
6630,drama
7042,comedy
4733,western
13068,action
11636,thriller
7530,drama
24874,comedy
17911,drama
22940,drama
12727,comedy
18689,comedy
18970,comedy
25299,thriller
5742,western
8807,western
28062,drama
7933,drama
19569,comedy
13823,drama
13467,comedy
4428,drama
19927,comedy
25155,drama
13295,thriller
31370,horror
13155,drama
19417,comedy
10437,comedy
18577,drama
12831,comedy
12974,crime
31547,drama
5813,western
32234,romance
7923,thriller
21017,comedy
19282,drama
32109,romance
16568,horror
9840,drama
6063,comedy
23194,action
22152,drama
8651,comedy
4095,drama
12578,action
5494,western
32354,romance
8418,western
26157,action
13672,drama
13726,action
5174,crime
3824,comedy
13331,drama
24069,romance
7282,comedy
24945,drama
18719,drama
4995,drama
6633,western
3073,drama
18878,comedy
18987,thriller
9282,comedy
16232,drama
4465,comedy
30611,action
8658,drama
12990,action
10211,horror
7698,horror
5924,western
12176,action
32650,romance
19527,thriller
15266,drama
20403,drama
6887,comedy
16150,action
3584,comedy
9433,action
16737,action
14599,drama
15546,comedy
8606,drama
9415,drama
33282,horror
14528,comedy
11666,drama
7226,action
10937,horror
31561,drama
20433,horror
4695,action
24789,drama
11743,thriller
19301,comedy
20211,drama
5169,comedy
34843,comedy
19721,horror
21406,comedy
32407,comedy
19980,comedy
13975,horror
32846,comedy
7566,drama
26260,drama
17760,comedy
26470,comedy
31703,drama
20280,action
21802,thriller
3970,comedy
3338,comedy
16165,horror
33666,comedy
4694,adventure
18846,drama
33733,drama
4131,adventure
32896,comedy
8507,comedy
24566,comedy
10202,romance
19687,comedy
8030,drama
15168,romance
19760,crime
3221,comedy
26049,drama
12574,comedy
34299,comedy
12240,crime
4067,crime
12438,comedy
16245,drama
8201,drama
9883,drama
13030,comedy
9995,drama
12833,drama
16710,comedy
9636,comedy
32179,romance
20219,drama
7387,comedy
28259,drama
17987,drama
14742,drama
5747,comedy
26045,comedy
12730,romance
13308,comedy
11630,action
14712,crime
13865,drama
16485,drama
15532,thriller
6940,western
15030,comedy
8322,comedy
26762,romance
21096,drama
22081,comedy
8008,action
17799,drama
14687,drama
19675,romance
11958,thriller
14480,drama
10907,comedy
13518,comedy
25840,drama
26037,romance
7106,western
17554,horror
17041,drama
7563,comedy
8617,drama
4874,comedy
13322,horror
19491,horror
16774,drama
11762,comedy
9816,drama
8761,western
28885,romance
6965,comedy
17498,horror
12214,drama
7989,drama
32525,romance
19488,drama
13708,drama
8194,drama
12744,drama
6706,drama
6759,drama
11422,horror
5172,drama
13711,comedy
34853,drama
27315,comedy
15827,thriller
4332,horror
12755,crime
16193,drama
32471,horror
12040,comedy
19654,comedy
32613,action
34492,drama
6537,crime
20207,drama
12594,drama
9905,comedy
33289,horror
10873,comedy
32733,horror
11680,drama
5700,western
22535,drama
11318,comedy
9707,drama
32452,romance
14139,adventure
17632,drama
17692,comedy
13292,drama
14976,drama
12352,thriller
10017,drama
14429,comedy
5825,drama
17599,comedy
7303,western
7992,western
5444,comedy
3180,drama
5248,adventure
11389,action
26418,drama
25166,drama
7890,drama
10808,action
7903,western
20948,drama
25466,drama
25083,action
13860,horror
9882,horror
34195,drama
13143,crime
19807,drama
7735,drama
19545,comedy
32389,action
5127,drama
13413,drama
9289,western
9699,drama
12373,drama
15031,comedy
7034,action
26259,drama
24794,action
20849,horror
20037,crime
32646,thriller
5987,adventure
12026,comedy
6485,comedy
4227,comedy
12024,drama
8029,drama
7869,comedy
21839,drama
18924,drama
34860,action
32300,drama
18822,crime
11097,drama
15206,comedy
5975,adventure
4604,western
9545,horror
16922,action
12553,crime
26900,romance
12138,horror
28050,drama
7956,drama
4954,comedy
19992,drama
12670,comedy
31096,action
7944,western
33528,action
6009,drama
4817,crime
22327,comedy
18981,comedy
15352,comedy
7633,western
15909,horror
30705,action
12931,drama
28334,drama
19294,thriller
20747,drama
7570,drama
22091,drama
19535,western
11667,comedy
15092,action
6684,western
25070,romance
18650,crime
21911,drama
25830,drama
31439,drama
5889,thriller
19546,crime
30645,romance
6880,western
3876,drama
27428,drama
11979,crime
28772,drama
8092,comedy
14445,comedy
12826,comedy
23953,drama
9906,adventure
8956,comedy
30744,action
7119,adventure
10875,drama
12500,drama
7461,drama
5467,western
8843,horror
13688,drama
5702,comedy
19042,thriller
13243,horror
19462,action
11105,horror
15275,horror
4166,comedy
9604,drama
7919,horror
7542,drama
8094,drama
19865,thriller
15826,comedy
10738,comedy
17878,action
18585,comedy
20940,drama
13270,comedy
27517,thriller
28873,drama
20439,comedy
8581,drama
12923,thriller
8164,drama
16328,drama
8368,drama
15481,drama
24845,comedy
32459,horror
19220,comedy
32070,action
8620,action
24184,action
3084,crime
12549,drama
32170,action
15508,horror
19694,adventure
14887,comedy
32814,drama
4841,crime
6533,drama
34048,horror
17436,drama
14871,drama
3800,comedy
5382,comedy
7416,western
13380,thriller
11336,drama
17996,comedy
16644,thriller
22733,romance
3322,comedy
7909,comedy
18930,comedy
32174,drama
16267,action
16412,comedy
15093,comedy
3415,drama
33241,romance
7859,horror
24875,drama
7433,comedy
24007,action
32339,thriller
3027,comedy
14460,drama
7647,drama
28464,drama
14552,drama
20524,comedy
26269,drama
18601,horror
7757,drama
10386,comedy
13463,drama
19862,drama
12362,thriller
32409,drama
27420,comedy
20423,adventure
3315,comedy
34874,drama
21926,drama
20345,action
5255,comedy
28138,drama
17352,drama
16897,thriller
10435,horror
32099,action
16581,drama
26024,romance
6143,drama
11651,action
7127,drama
13131,horror
5470,comedy
4523,drama
17784,drama
16727,thriller
4144,crime
5234,comedy
7592,drama
7571,drama
16769,action
17935,comedy
12924,action
34524,western
10028,horror
6836,drama
26103,comedy
9739,horror
8657,western
24788,drama
33426,drama
9652,comedy
20989,romance
6424,western
20821,comedy
14107,drama
30731,romance
12309,drama
4172,western
14981,drama
12100,thriller
27058,drama
24043,drama
3869,horror
5005,western
5429,comedy
8034,comedy
3088,drama
32843,drama
11784,comedy
19076,comedy
33114,drama
5254,drama
22305,horror
8364,western
20053,comedy
34121,drama
7851,adventure
8869,adventure
33809,comedy
27398,drama
26642,drama
28124,comedy
5155,drama
13901,comedy
13683,comedy
31659,drama
11572,drama
25654,action
25642,action
8284,crime
6386,drama
13608,comedy
21964,drama
32982,horror
8941,comedy
7089,drama
31682,drama
13285,comedy
6528,western
31166,romance
32215,drama
32202,drama
30840,horror
13224,drama
11446,action
8128,thriller
28207,drama
11511,drama
22989,action
20268,comedy
17296,drama
4960,drama
3714,drama
20725,drama
32290,action
10345,comedy
7680,drama
12632,drama
19075,western
21874,comedy
19688,comedy
17619,comedy
8044,drama
22239,comedy
16747,comedy
19474,thriller
17638,adventure
13829,horror
28512,drama
3581,crime
27017,drama
25242,drama
23229,action
9863,comedy
14880,comedy
4311,horror
6580,western
6949,drama
10048,horror
30715,romance
3008,comedy
17201,comedy
4620,comedy
3605,horror
6177,western
17075,drama
13924,comedy
18956,drama
14071,drama
13671,drama
14510,drama
7165,horror
17891,horror
6694,drama
19412,thriller
26927,comedy
31442,romance
19707,drama
17992,romance
24811,drama
33384,drama
17868,horror
16255,horror
12884,drama
30844,action
11862,drama
5461,western
34078,drama
17282,drama
9179,western
22438,western
17717,comedy
19251,drama
26985,thriller
18780,drama
14006,comedy
19390,drama
15703,drama
6251,drama
34015,drama
4940,crime
15397,action
18641,drama
33361,horror
11484,horror
6107,adventure
11567,drama
14437,comedy
15852,horror
14614,horror
30688,romance
23610,comedy
32085,comedy
12559,action
11219,drama
12889,drama
10778,horror
14387,adventure
11889,drama
12885,adventure
5591,adventure
4901,adventure
16647,drama
17022,comedy
6055,western
18916,horror
19563,thriller
19202,crime
16890,horror
13907,drama
3843,western
13419,comedy
9227,horror
19085,drama
16563,comedy
32826,comedy
9466,horror
10221,drama
32805,drama
7582,drama
7644,action
19914,drama
19196,drama
19661,comedy
23217,comedy
13818,comedy
13443,drama
20183,comedy
4289,western
18664,comedy
22162,comedy
24892,romance
21035,drama
32833,romance
13287,adventure
11317,thriller
34491,drama
13880,comedy
22457,drama
5361,western
20957,drama
9403,drama
5937,comedy
3107,drama
10430,action
6711,drama
28823,action
3985,comedy
20983,horror
12504,action
13044,thriller
14947,drama
21991,drama
7683,drama
19440,drama
33632,comedy
12384,drama
26263,drama
34027,crime
10335,drama
20362,drama
5175,drama
11366,action
16670,thriller
7273,comedy
8171,comedy
11804,thriller
19244,thriller
6344,drama
19627,drama
31161,comedy
8566,thriller
10431,horror
4031,drama
13842,action
12299,comedy
16528,drama
10634,drama
17237,thriller
25191,action
11268,horror
11969,comedy
11689,action
23990,drama
5912,comedy
28807,drama
10919,horror
8799,drama
21785,horror
34525,thriller
10188,drama
32583,drama
4110,comedy
12195,comedy
3862,drama
3373,horror
16140,drama
6193,drama
22939,drama
10530,crime
11370,drama
6899,drama
7148,adventure
17191,horror
9752,comedy
3270,horror
32166,action
20855,thriller
12031,comedy
9890,horror
4804,comedy
8847,western
20073,drama
28458,drama
30797,drama
6557,western
19899,drama
12581,comedy
5642,western
11796,comedy
13281,comedy
18788,drama
16979,drama
19593,drama
13720,drama
16134,drama
34088,drama
22229,comedy
18816,comedy
3868,drama
16982,drama
14858,drama
25061,drama
19262,crime
27050,drama
12006,drama
7436,comedy
11905,horror
14153,comedy
9591,drama
10976,action
19560,crime
4552,comedy
15778,comedy
12446,comedy
15375,comedy
25877,romance
12526,comedy
22089,drama
18035,action
17345,comedy
34119,comedy
20491,horror
20666,drama
11968,action
2988,drama
5633,comedy
25633,action
16093,horror
20534,comedy
16713,drama
26573,comedy
16036,comedy
13135,action
14961,comedy
19011,drama
28362,drama
4330,drama
28415,horror
25030,drama
22386,drama
31282,romance
10144,drama
30863,drama
32412,romance
4796,western
10819,comedy
6705,drama
8536,horror
14141,drama
14571,drama
26585,comedy
23490,horror
7546,drama
11398,action
18969,comedy
18758,drama
17594,drama
23271,action
33043,adventure
6927,drama
22573,drama
21762,horror
9814,comedy
7968,comedy
11788,comedy
23968,drama
17608,comedy
14070,comedy
28528,comedy
27521,romance
15743,horror
24010,thriller
9245,horror
14580,comedy
13970,comedy
22748,romance
11845,drama
8905,drama
12561,drama
6605,western
7230,drama
20360,drama
13601,action
32186,drama
10058,drama
18681,comedy
19555,comedy
8043,comedy
23835,drama
14284,horror
18805,drama
10360,drama
6556,adventure
11477,comedy
9914,drama
19983,comedy
7477,drama
33704,comedy
5719,drama
20865,drama
25705,action
9653,drama
13286,drama
26145,romance
32658,romance
18735,comedy
3116,comedy
20584,drama
16456,drama
15423,comedy
4955,comedy
23982,drama
23744,drama
20361,crime
12054,western
9642,drama
20299,comedy
30784,action
5978,western
9235,drama
12690,drama
6984,crime
19096,drama
11702,comedy
13198,horror
12832,drama
25961,thriller
7836,western
30777,romance
15166,comedy
12234,drama
3154,comedy
25324,adventure
20630,drama
6925,thriller
15542,comedy
19497,drama
32139,action
14259,horror
13996,comedy
12481,adventure
14287,drama
32329,comedy
33600,drama
6440,western
4346,drama
30656,drama
11891,comedy
4902,drama
16436,comedy
30852,action
10490,action
10438,drama
12267,thriller
3253,drama
27001,thriller
8450,comedy
4527,drama
5637,adventure
25263,crime
32463,action
4601,drama
19486,comedy
31140,romance
31623,romance
8930,western
8748,comedy
14020,drama
8055,comedy
5570,comedy
15327,action
12360,comedy
6091,comedy
22196,comedy
32394,drama
13614,comedy
19730,drama
22595,drama
30849,romance
28183,drama
16594,action
15492,drama
10684,comedy
8152,drama
17523,drama
12631,crime
17011,action
4272,comedy
13578,action
6917,drama
13277,comedy
4731,romance
31599,drama
11136,horror
13755,comedy
26467,drama
5122,western
11994,drama
9310,drama
13695,comedy
9460,drama
21895,drama
16646,comedy
8157,comedy
23425,western
5796,adventure
6626,drama
13307,thriller
31661,drama
33681,drama
9382,comedy
16813,comedy
5983,adventure
32325,romance
13301,comedy
17969,comedy
28071,drama
3087,drama
10500,drama
34001,comedy
3819,drama
10231,drama
14814,drama
11015,drama
13555,drama
5534,drama
4866,western
34155,drama
14705,comedy
5483,western
16218,drama
20942,action
19787,drama
8183,comedy
9430,horror
28591,action
19559,drama
7541,action
21990,thriller
13859,horror
31510,romance
18875,comedy
19949,thriller
6089,adventure
10138,comedy
33689,horror
12793,comedy
32634,thriller
14029,action
32984,drama
9269,thriller
25195,drama
8441,comedy
9849,horror
5689,drama
10191,horror
8680,western
5977,comedy
18848,comedy
13073,thriller
16122,horror
4790,comedy
3339,adventure
24026,drama
6279,western
20427,comedy
10698,drama
33553,action
12840,comedy
3631,drama
30842,romance
19533,drama
20773,horror
11126,comedy
5574,drama
12155,thriller
20995,drama
23240,drama
10610,drama
7953,horror
4528,comedy
12776,action
12860,drama
17521,drama
5957,comedy
22307,thriller
4370,crime
11188,comedy
16955,thriller
5160,drama
8546,drama
19820,horror
26729,comedy
9785,comedy
24824,drama
28139,romance
9729,comedy
26593,drama
8540,romance
6024,western
18847,comedy
4267,comedy
6975,western
21891,comedy
25635,thriller
16011,drama
20351,horror
31782,comedy
23281,romance
9480,drama
11244,comedy
11213,horror
18692,drama
16116,comedy
3179,comedy
13163,drama
4787,drama
20271,drama
20586,comedy
5443,western
15567,comedy
14395,drama
32343,drama
21750,romance
31235,romance
6442,comedy
20347,comedy
16595,comedy
20386,horror
26564,drama
25683,romance
14022,drama
16912,drama
5895,action
7437,drama
5000,western
28048,drama
15248,action
31617,romance
9994,drama
3571,drama
12191,drama
20342,adventure
19077,drama
5345,crime
10388,drama
24535,drama
14656,comedy
7462,drama
34503,thriller
7590,comedy
6060,adventure
15621,horror
11319,comedy
23659,drama
19036,comedy
26847,drama
25548,drama
8648,western
6592,western
7686,western
15391,drama
22299,drama
17689,romance
15052,comedy
17044,action
11947,crime
22187,comedy
20338,comedy
13403,comedy
14878,comedy
25275,action
8955,drama
23962,drama
4534,drama
12599,comedy
5518,adventure
26769,action
13207,drama
22333,drama
14051,drama
27406,romance
11681,drama
32297,action
16661,thriller
4320,horror
7411,crime
26875,drama
21100,drama
7545,drama
8355,drama
30698,romance
6258,western
5523,comedy
16545,comedy
17816,drama
19646,comedy
6815,drama
7293,comedy
32460,comedy
8004,comedy
3160,drama
13816,drama
32135,action
6156,western
4711,drama
22863,drama
8760,comedy
22315,drama
6726,crime
6883,western
14583,comedy
26354,horror
8501,drama
14800,comedy
14453,horror
26685,adventure
6145,western
33549,drama
8085,crime
6796,comedy
9687,action
24873,thriller
27371,comedy
19704,crime
15908,comedy
21923,comedy
19824,adventure
11304,comedy
4607,western
8865,drama
20562,thriller
5406,drama
24035,romance
13971,comedy
28793,drama
32401,romance
19317,comedy
15996,comedy
12687,thriller
18850,comedy
5945,drama
19912,romance
17660,drama
18756,western
17166,horror
19329,crime
5428,crime
4248,crime
21867,comedy
14226,comedy
19659,drama
20751,drama
31271,action
23817,drama
22308,drama
6652,drama
6181,drama
25326,romance
19507,horror
4372,western
24804,comedy
20759,thriller
23675,comedy
6616,comedy
20003,drama
8295,drama
7902,drama
9220,comedy
25369,drama
26914,comedy
10930,comedy
12558,drama
9247,comedy
14050,drama
22560,comedy
12627,comedy
17858,drama
17974,drama
7513,adventure
4613,comedy
28550,horror
11787,horror
21731,drama
8610,drama
28157,drama
16819,drama
14516,drama
10179,action
21876,thriller
4931,drama
15103,horror
32119,adventure
12636,action
11528,comedy
4628,western
3796,drama
26764,drama
28233,romance
14626,thriller
10447,horror
15269,drama
17686,drama
23398,action
10718,horror
13098,drama
10273,comedy
30633,drama
12641,comedy
13145,drama
12215,horror
27310,romance
16759,adventure
25657,action
25655,comedy
16157,drama
5394,comedy
3669,comedy
5590,western
16954,horror
17897,comedy
8140,western
11400,drama
10002,horror
28552,romance
28706,comedy
30672,action
11623,action
25597,romance
30716,action
13361,comedy
4447,drama
16506,horror
12095,drama
14164,drama
10655,drama
11495,comedy
6037,comedy
7732,horror
21036,drama
3423,drama
16472,comedy
13585,drama
19401,drama
34509,drama
7758,comedy
12573,drama
5861,drama
10316,action
15951,drama
32361,drama
15392,thriller
27506,drama
11620,drama
34061,drama
13390,comedy
18889,thriller
15105,thriller
15019,drama
6444,comedy
18637,comedy
3097,comedy
10337,drama
12568,drama
5559,adventure
7065,drama
15610,comedy
12029,horror
27412,drama
13252,action
25584,action
3614,comedy
17770,action
10908,action
3158,comedy
24294,comedy
18957,drama
4602,drama
11447,horror
32195,thriller
12707,thriller
17455,drama
11098,horror
23871,drama
17016,drama
10575,drama
9297,western
5682,adventure
22250,drama
14174,drama
22900,drama
26580,horror
24060,drama
8853,comedy
12929,drama
9570,comedy
15399,drama
13359,drama
8740,comedy
22803,comedy
9438,western
14484,drama
9262,crime
10427,drama
22151,drama
27004,thriller
9744,thriller
8511,drama
16793,comedy
5819,comedy
12735,drama
15538,comedy
3780,adventure
13550,drama
3045,comedy
32891,drama
34844,drama
5623,action
6597,thriller
17207,horror
12225,drama
32294,action
3926,western
12241,action
4847,drama
5372,adventure
17678,comedy
32975,horror
7372,drama
14496,drama
16450,horror
27565,romance
10448,western
23911,drama
4045,horror
9544,comedy
5917,western
22268,comedy
10850,action
13450,comedy
4942,comedy
7455,drama
16909,drama
7649,drama
19088,comedy
6789,western
26653,drama
34845,drama
13341,action
10954,horror
8246,adventure
3395,comedy
18573,drama
34840,horror
16804,drama
13938,drama
25626,drama
9873,horror
7083,comedy
34514,horror
13744,drama
17901,drama
9872,drama
21931,drama
6814,western
26973,comedy
19138,comedy
31574,drama
11965,thriller
13418,action
19655,comedy
11011,drama
14527,comedy
9999,drama
11193,drama
10010,drama
12669,horror
5973,western
28204,drama
9805,horror
16905,comedy
22294,drama
7760,comedy
4387,drama
33094,drama
22418,comedy
17525,drama
16750,drama
31563,romance
12739,horror
27078,horror
9630,drama
4579,comedy
20481,thriller
11793,drama
13360,comedy
17303,comedy
26305,comedy
31159,comedy
7531,western
14708,drama
4358,drama
32544,romance
6677,drama
6911,drama
24049,drama
20966,comedy
17808,drama
10217,comedy
12131,action
19375,thriller
19615,comedy
15126,horror
7075,drama
28825,drama
6294,drama
19393,comedy
9647,drama
7815,drama
15493,comedy
19341,western
28471,action
7352,comedy
15447,adventure
11534,comedy
19580,drama
12676,comedy
4952,comedy
20248,horror
17981,comedy
6110,drama
10793,comedy
19932,drama
19790,comedy
31256,comedy
10342,action
6900,comedy
11619,comedy
25816,action
23754,drama
6791,drama
20982,drama
4423,comedy
11064,horror
12039,comedy
10128,drama
32549,drama
9972,thriller
30858,action
24827,drama
8011,drama
13833,thriller
23201,drama
32488,drama
26844,comedy
16252,comedy
3552,horror
7068,western
26625,drama
13935,drama
3025,thriller
20226,action
10579,drama
20185,horror
22237,drama
28542,drama
13670,thriller
20469,thriller
28688,drama
13793,comedy
6194,western
22404,drama
20478,drama
33040,action
4334,western
17860,drama
26806,romance
7866,adventure
19512,comedy
31182,romance
24868,comedy
11587,comedy
8160,comedy
34085,drama
30817,romance
8172,comedy
11677,comedy
30785,romance
19895,drama
19470,drama
6878,thriller
5159,drama
32342,romance
11771,comedy
19629,drama
24030,romance
22101,horror
11794,drama
10075,drama
17886,drama
12465,horror
6547,western
11971,drama
6288,comedy
31668,comedy
28349,drama
31192,romance
7182,drama
11868,drama
20101,drama
23503,action
8880,drama
31117,thriller
